what,kind,bundleId,bundleVersion,description,time
activated,view,org.eclipse.ui.navigator.resources,3.4.201.M20100707-0800,"org.eclipse.ui.navigator.ProjectExplorer",1608140679976
deactivated,workbench,org.eclipse.ui.workbench,3.6.1.M20100826-1330,"",1608140690005
activated,workbench,org.eclipse.ui.workbench,3.6.1.M20100826-1330,"",1608140691396
activated,editor,org.eclipse.cdt.ui,5.2.1.201009141542,"org.eclipse.cdt.ui.editor.CEditor",1608140712313
activated,view,org.eclipse.ui.navigator.resources,3.4.201.M20100707-0800,"org.eclipse.ui.navigator.ProjectExplorer",1608140721119
opened,editor,org.eclipse.cdt.make.ui,7.0.0.201009141542,"org.eclipse.cdt.make.editor",1608140721347
activated,editor,org.eclipse.cdt.make.ui,7.0.0.201009141542,"org.eclipse.cdt.make.editor",1608140721457
activated,view,org.eclipse.ui.console,3.5.0.v20100526,"org.eclipse.ui.console.ConsoleView",1608140776644
activated,view,org.eclipse.ui.navigator.resources,3.4.201.M20100707-0800,"org.eclipse.ui.navigator.ProjectExplorer",1608140789317
opened,editor,org.eclipse.ui.editors,3.6.1.r361_v20100825-0800,"org.eclipse.ui.DefaultTextEditor",1608140790119
activated,editor,org.eclipse.ui.editors,3.6.1.r361_v20100825-0800,"org.eclipse.ui.DefaultTextEditor",1608140790152
activated,view,org.eclipse.ui.ide,3.6.1.M20100825-0800,"org.eclipse.ui.views.ProblemView",1608140816446
activated,view,org.eclipse.ui.console,3.5.0.v20100526,"org.eclipse.ui.console.ConsoleView",1608140819548
activated,view,org.eclipse.ui.navigator.resources,3.4.201.M20100707-0800,"org.eclipse.ui.navigator.ProjectExplorer",1608140849218
deactivated,workbench,org.eclipse.ui.workbench,3.6.1.M20100826-1330,"",1608140851901
activated,workbench,org.eclipse.ui.workbench,3.6.1.M20100826-1330,"",1608140853297
activated,view,org.eclipse.ui.console,3.5.0.v20100526,"org.eclipse.ui.console.ConsoleView",1608140894075
activated,editor,org.eclipse.ui.editors,3.6.1.r361_v20100825-0800,"org.eclipse.ui.DefaultTextEditor",1608140898233
activated,editor,org.eclipse.cdt.make.ui,7.0.0.201009141542,"org.eclipse.cdt.make.editor",1608140898274
closed,editor,org.eclipse.ui.editors,3.6.1.r361_v20100825-0800,"org.eclipse.ui.DefaultTextEditor",1608140898274
activated,view,org.eclipse.ui.navigator.resources,3.4.201.M20100707-0800,"org.eclipse.ui.navigator.ProjectExplorer",1608140900608
opened,editor,org.eclipse.ui.editors,3.6.1.r361_v20100825-0800,"org.eclipse.ui.DefaultTextEditor",1608140900811
activated,editor,org.eclipse.ui.editors,3.6.1.r361_v20100825-0800,"org.eclipse.ui.DefaultTextEditor",1608140900851
activated,view,org.eclipse.ui.console,3.5.0.v20100526,"org.eclipse.ui.console.ConsoleView",1608140982400
opened,view,org.eclipse.ui.ide,3.6.1.M20100825-0800,"org.eclipse.ui.views.TaskList",1608140984431
activated,view,org.eclipse.ui.ide,3.6.1.M20100825-0800,"org.eclipse.ui.views.TaskList",1608140984457
activated,view,org.eclipse.ui.console,3.5.0.v20100526,"org.eclipse.ui.console.ConsoleView",1608140985378
activated,view,org.eclipse.ui.navigator.resources,3.4.201.M20100707-0800,"org.eclipse.ui.navigator.ProjectExplorer",1608140988317
opened,editor,org.eclipse.ui.editors,3.6.1.r361_v20100825-0800,"org.eclipse.ui.DefaultTextEditor",1608140988580
activated,editor,org.eclipse.ui.editors,3.6.1.r361_v20100825-0800,"org.eclipse.ui.DefaultTextEditor",1608140988609
activated,editor,org.eclipse.ui.editors,3.6.1.r361_v20100825-0800,"org.eclipse.ui.DefaultTextEditor",1608140995060
closed,editor,org.eclipse.ui.editors,3.6.1.r361_v20100825-0800,"org.eclipse.ui.DefaultTextEditor",1608140995060
activated,view,org.eclipse.ui.console,3.5.0.v20100526,"org.eclipse.ui.console.ConsoleView",1608140999637
activated,view,org.eclipse.ui.navigator.resources,3.4.201.M20100707-0800,"org.eclipse.ui.navigator.ProjectExplorer",1608141010709
opened,editor,org.eclipse.ui.editors,3.6.1.r361_v20100825-0800,"org.eclipse.ui.DefaultTextEditor",1608141010940
activated,editor,org.eclipse.ui.editors,3.6.1.r361_v20100825-0800,"org.eclipse.ui.DefaultTextEditor",1608141010970
activated,editor,org.eclipse.ui.editors,3.6.1.r361_v20100825-0800,"org.eclipse.ui.DefaultTextEditor",1608141021593
closed,editor,org.eclipse.ui.editors,3.6.1.r361_v20100825-0800,"org.eclipse.ui.DefaultTextEditor",1608141021593
activated,view,org.eclipse.ui.navigator.resources,3.4.201.M20100707-0800,"org.eclipse.ui.navigator.ProjectExplorer",1608141023025
deactivated,workbench,org.eclipse.ui.workbench,3.6.1.M20100826-1330,"",1608141032408
activated,workbench,org.eclipse.ui.workbench,3.6.1.M20100826-1330,"",1608141033535
deactivated,workbench,org.eclipse.ui.workbench,3.6.1.M20100826-1330,"",1608141042488
activated,workbench,org.eclipse.ui.workbench,3.6.1.M20100826-1330,"",1608141043863
deactivated,workbench,org.eclipse.ui.workbench,3.6.1.M20100826-1330,"",1608141067996
activated,workbench,org.eclipse.ui.workbench,3.6.1.M20100826-1330,"",1608141069630
deactivated,workbench,org.eclipse.ui.workbench,3.6.1.M20100826-1330,"",1608141069992
activated,workbench,org.eclipse.ui.workbench,3.6.1.M20100826-1330,"",1608141071082
deactivated,workbench,org.eclipse.ui.workbench,3.6.1.M20100826-1330,"",1608141086449
activated,workbench,org.eclipse.ui.workbench,3.6.1.M20100826-1330,"",1608141087289
deactivated,workbench,org.eclipse.ui.workbench,3.6.1.M20100826-1330,"",1608141095914
activated,workbench,org.eclipse.ui.workbench,3.6.1.M20100826-1330,"",1608141131894
opened,editor,org.eclipse.cdt.ui,5.2.1.201009141542,"org.eclipse.cdt.ui.editor.CEditor",1608141146230
activated,editor,org.eclipse.cdt.ui,5.2.1.201009141542,"org.eclipse.cdt.ui.editor.CEditor",1608141146304
activated,view,org.eclipse.ui.navigator.resources,3.4.201.M20100707-0800,"org.eclipse.ui.navigator.ProjectExplorer",1608141146898
deactivated,workbench,org.eclipse.ui.workbench,3.6.1.M20100826-1330,"",1608141150202
activated,workbench,org.eclipse.ui.workbench,3.6.1.M20100826-1330,"",1608141167709
deactivated,workbench,org.eclipse.ui.workbench,3.6.1.M20100826-1330,"",1608141168049
activated,workbench,org.eclipse.ui.workbench,3.6.1.M20100826-1330,"",1608141171434
deactivated,workbench,org.eclipse.ui.workbench,3.6.1.M20100826-1330,"",1608141178340
activated,workbench,org.eclipse.ui.workbench,3.6.1.M20100826-1330,"",1608141179711
deactivated,workbench,org.eclipse.ui.workbench,3.6.1.M20100826-1330,"",1608141188535
activated,workbench,org.eclipse.ui.workbench,3.6.1.M20100826-1330,"",1608141189575
closed,workbench,org.eclipse.ui.workbench,3.6.1.M20100826-1330,"",1608141189721
stopped,bundle,org.eclipse.cdt.debug.mi.ui,6.1.0.201009141542,"org.eclipse.cdt.debug.mi.ui",1608141189919
stopped,bundle,com.altera.debug.cdi.gdb.plugin,11.1.0.259,"com.altera.debug.cdi.gdb.plugin",1608141189919
stopped,bundle,com.altera.sbtgui.launch,11.1.0.259,"com.altera.sbtgui.launch",1608141189919
stopped,bundle,org.eclipse.cdt.debug.mi.core,7.0.1.201009141542,"org.eclipse.cdt.debug.mi.core",1608141189925
stopped,bundle,org.eclipse.cdt.debug.ui.memory.memorybrowser,1.2.0.201009141542,"org.eclipse.cdt.debug.ui.memory.memorybrowser",1608141189926
stopped,bundle,org.eclipse.cdt.debug.ui.memory.search,1.2.0.201009141542,"org.eclipse.cdt.debug.ui.memory.search",1608141189927
stopped,bundle,org.eclipse.cdt.dsf.gdb.ui,2.1.0.201009141542,"org.eclipse.cdt.dsf.gdb.ui",1608141189927
stopped,bundle,org.eclipse.cdt.dsf.ui,2.1.1.201009141542,"org.eclipse.cdt.dsf.ui",1608141189928
stopped,bundle,org.eclipse.cdt.gdb.ui,7.0.0.201009141542,"org.eclipse.cdt.gdb.ui",1608141189928
stopped,bundle,org.eclipse.cdt.dsf.gdb,3.0.0.201009141542,"org.eclipse.cdt.dsf.gdb",1608141189928
stopped,bundle,com.altera.sbtgui.ui,11.1.0.259,"com.altera.sbtgui.ui",1608141189928
stopped,bundle,com.altera.sbtgui.project,11.1.0.259,"com.altera.sbtgui.project",1608141189928
stopped,bundle,org.eclipse.cdt.launch,6.1.0.201009141542,"org.eclipse.cdt.launch",1608141189928
stopped,bundle,org.eclipse.cdt.debug.ui,7.0.0.201009141542,"org.eclipse.cdt.debug.ui",1608141189928
stopped,bundle,org.eclipse.cdt.debug.ui.memory.traditional,1.2.0.201009141542,"org.eclipse.cdt.debug.ui.memory.traditional",1608141189929
stopped,bundle,org.eclipse.cdt.dsf,2.1.0.201009141542,"org.eclipse.cdt.dsf",1608141189929
stopped,bundle,org.eclipse.cdt.debug.core,7.0.0.201009141542,"org.eclipse.cdt.debug.core",1608141189929
stopped,bundle,org.eclipse.cdt.managedbuilder.ui,7.0.0.201009141542,"org.eclipse.cdt.managedbuilder.ui",1608141189929
stopped,bundle,org.eclipse.cdt.make.ui,7.0.0.201009141542,"org.eclipse.cdt.make.ui",1608141189929
stopped,bundle,org.eclipse.cdt.managedbuilder.gnu.ui,7.0.0.201009141542,"org.eclipse.cdt.managedbuilder.gnu.ui",1608141189929
stopped,bundle,org.eclipse.cdt.managedbuilder.core,7.0.1.201009141542,"org.eclipse.cdt.managedbuilder.core",1608141189929
stopped,bundle,org.eclipse.cdt.make.core,7.0.0.201009141542,"org.eclipse.cdt.make.core",1608141189929
stopped,bundle,org.eclipse.cdt.mylyn.ui,1.1.3.v20100909-0100-e3x,"org.eclipse.cdt.mylyn.ui",1608141189930
stopped,bundle,com.altera.sbtgui.flash.plugin,11.1.0.259,"com.altera.sbtgui.flash.plugin",1608141189930
stopped,bundle,com.altera.sbtgui.gprof,11.1.0.259,"com.altera.sbtgui.gprof",1608141189931
stopped,bundle,com.altera.sbtgui.core,11.1.0.259,"com.altera.sbtgui.core",1608141189931
stopped,bundle,org.eclipse.cdt.ui,5.2.1.201009141542,"org.eclipse.cdt.ui",1608141189934
stopped,bundle,org.eclipse.cdt.core,5.2.1.201009141542,"org.eclipse.cdt.core",1608141189934
stopped,bundle,org.eclipse.compare.win32,1.0.100.I20100505-1245,"org.eclipse.compare.win32",1608141189936
stopped,bundle,org.eclipse.equinox.p2.ui.sdk,1.0.100.v20100513,"org.eclipse.equinox.p2.ui.sdk",1608141189937
stopped,bundle,org.eclipse.search,3.6.0.v20100520-0800,"org.eclipse.search",1608141189938
stopped,bundle,org.eclipse.mylyn.team.ui,3.4.2.v20100909-0100-e3x,"org.eclipse.mylyn.team.ui",1608141189938
stopped,bundle,org.eclipse.ui.navigator.resources,3.4.201.M20100707-0800,"org.eclipse.ui.navigator.resources",1608141189938
stopped,bundle,org.eclipse.ltk.ui.refactoring,3.5.0.v20100526-0800,"org.eclipse.ltk.ui.refactoring",1608141189939
stopped,bundle,org.eclipse.mylyn.bugzilla.ui,3.4.2.v20100909-0100-e3x,"org.eclipse.mylyn.bugzilla.ui",1608141189939
stopped,bundle,org.eclipse.mylyn.ide.ui,3.4.0.v20100608-0100-e3x,"org.eclipse.mylyn.ide.ui",1608141189939
stopped,bundle,org.eclipse.mylyn.resources.ui,3.4.1.v20100909-0100-e3x,"org.eclipse.mylyn.resources.ui",1608141189941
stopped,bundle,org.eclipse.mylyn.wikitext.tasks.ui,1.3.1.v20100823-0100-e3x,"org.eclipse.mylyn.wikitext.tasks.ui",1608141189942
stopped,bundle,org.eclipse.mylyn.context.ui,3.4.1.v20100909-0100-e3x,"org.eclipse.mylyn.context.ui",1608141189942
stopped,bundle,org.eclipse.mylyn.help.ui,3.4.1.v20100823-0100-e3x,"org.eclipse.mylyn.help.ui",1608141189944
stopped,bundle,org.eclipse.mylyn.tasks.bugs,3.4.1.v20100823-0100-e3x,"org.eclipse.mylyn.tasks.bugs",1608141189945
stopped,bundle,org.eclipse.mylyn.tasks.ui,3.4.2.v20100902-0100-e3x,"org.eclipse.mylyn.tasks.ui",1608141189945
stopped,bundle,org.eclipse.team.cvs.ui,3.3.301.R36x_v20100825-0800,"org.eclipse.team.cvs.ui",1608141189945
stopped,bundle,org.eclipse.team.ui,3.5.101.R36x_v20100825-0800,"org.eclipse.team.ui",1608141189945
stopped,bundle,org.eclipse.compare,3.5.100.I20100526-0800,"org.eclipse.compare",1608141189945
stopped,bundle,org.eclipse.cdt.debug.ui.memory.transport,2.1.0.201009141542,"org.eclipse.cdt.debug.ui.memory.transport",1608141189946
stopped,bundle,org.eclipse.ui.externaltools,3.2.0.v20100427,"org.eclipse.ui.externaltools",1608141189946
stopped,bundle,org.eclipse.debug.ui,3.6.1.v20100901_r361,"org.eclipse.debug.ui",1608141189946
stopped,bundle,org.eclipse.mylyn.wikitext.ui,1.3.0.v20100608-0100-e3x,"org.eclipse.mylyn.wikitext.ui",1608141189948
stopped,bundle,org.eclipse.ui.console,3.5.0.v20100526,"org.eclipse.ui.console",1608141189948
stopped,bundle,org.eclipse.mylyn.commons.ui,3.4.0.v20100608-0100-e3x,"org.eclipse.mylyn.commons.ui",1608141189948
stopped,bundle,org.eclipse.ui.editors,3.6.1.r361_v20100825-0800,"org.eclipse.ui.editors",1608141189948
activated,perspective,com.altera.sbtgui.ui,,"com.altera.sbtgui.ui.cPerspective",1608141203827
started,bundle,org.eclipse.osgi,3.6.1.R36x_v20100806,"org.eclipse.osgi",1608141203828
started,bundle,org.eclipse.equinox.simpleconfigurator,1.0.200.v20100503,"org.eclipse.equinox.simpleconfigurator",1608141203828
started,bundle,com.ibm.icu,4.2.1.v20100412,"com.ibm.icu",1608141203829
started,bundle,org.eclipse.cdt.core,5.2.1.201009141542,"org.eclipse.cdt.core",1608141203829
started,bundle,org.eclipse.cdt.make.core,7.0.0.201009141542,"org.eclipse.cdt.make.core",1608141203829
started,bundle,org.eclipse.cdt.make.ui,7.0.0.201009141542,"org.eclipse.cdt.make.ui",1608141203830
started,bundle,org.eclipse.cdt.managedbuilder.core,7.0.1.201009141542,"org.eclipse.cdt.managedbuilder.core",1608141203830
started,bundle,org.eclipse.cdt.managedbuilder.gnu.ui,7.0.0.201009141542,"org.eclipse.cdt.managedbuilder.gnu.ui",1608141203831
started,bundle,org.eclipse.cdt.ui,5.2.1.201009141542,"org.eclipse.cdt.ui",1608141203831
started,bundle,org.eclipse.compare.core,3.5.100.I20100526-0800,"org.eclipse.compare.core",1608141203832
started,bundle,org.eclipse.core.contenttype,3.4.100.v20100505-1235,"org.eclipse.core.contenttype",1608141203832
started,bundle,org.eclipse.core.databinding.observable,1.3.0.I20100601-0800,"org.eclipse.core.databinding.observable",1608141203833
started,bundle,org.eclipse.core.expressions,3.4.200.v20100505,"org.eclipse.core.expressions",1608141203833
started,bundle,org.eclipse.core.filebuffers,3.5.100.v20100520-0800,"org.eclipse.core.filebuffers",1608141203834
started,bundle,org.eclipse.core.filesystem,1.3.1.R36x_v20100727-0745,"org.eclipse.core.filesystem",1608141203834
started,bundle,org.eclipse.core.jobs,3.5.1.R36x_v20100824,"org.eclipse.core.jobs",1608141203835
started,bundle,org.eclipse.core.net,1.2.100.I20100511-0800,"org.eclipse.core.net",1608141203835
started,bundle,org.eclipse.core.resources,3.6.0.R36x_v20100825-0600,"org.eclipse.core.resources",1608141203836
started,bundle,org.eclipse.core.runtime,3.6.0.v20100505,"org.eclipse.core.runtime",1608141203836
started,bundle,org.eclipse.core.runtime.compatibility,3.2.100.v20100505,"org.eclipse.core.runtime.compatibility",1608141203837
started,bundle,org.eclipse.core.runtime.compatibility.auth,3.2.200.v20100517,"org.eclipse.core.runtime.compatibility.auth",1608141203837
started,bundle,org.eclipse.core.variables,3.2.400.v20100505,"org.eclipse.core.variables",1608141203838
started,bundle,org.eclipse.debug.core,3.6.0.v20100519,"org.eclipse.debug.core",1608141203838
started,bundle,org.eclipse.epp.usagedata.gathering,1.3.0.R201005261100,"org.eclipse.epp.usagedata.gathering",1608141203838
started,bundle,org.eclipse.epp.usagedata.recording,1.3.0.R201005261100,"org.eclipse.epp.usagedata.recording",1608141203839
started,bundle,org.eclipse.equinox.app,1.3.1.R36x_v20100803,"org.eclipse.equinox.app",1608141203839
started,bundle,org.eclipse.equinox.common,3.6.0.v20100503,"org.eclipse.equinox.common",1608141203840
started,bundle,org.eclipse.equinox.ds,1.2.1.R36x_v20100803,"org.eclipse.equinox.ds",1608141203840
started,bundle,org.eclipse.equinox.event,1.2.0.v20100503,"org.eclipse.equinox.event",1608141203841
started,bundle,org.eclipse.equinox.p2.core,2.0.2.R36x_v20100804,"org.eclipse.equinox.p2.core",1608141203841
started,bundle,org.eclipse.equinox.p2.directorywatcher,1.0.202.R36x_v20100727,"org.eclipse.equinox.p2.directorywatcher",1608141203842
started,bundle,org.eclipse.equinox.p2.engine,2.0.0.v20100606,"org.eclipse.equinox.p2.engine",1608141203842
started,bundle,org.eclipse.equinox.p2.metadata,2.0.0.v20100601,"org.eclipse.equinox.p2.metadata",1608141203843
started,bundle,org.eclipse.equinox.p2.metadata.repository,1.1.0.v20100513,"org.eclipse.equinox.p2.metadata.repository",1608141203843
started,bundle,org.eclipse.equinox.p2.operations,2.0.0.v20100510,"org.eclipse.equinox.p2.operations",1608141203844
started,bundle,org.eclipse.equinox.p2.reconciler.dropins,1.1.0.v20100525,"org.eclipse.equinox.p2.reconciler.dropins",1608141203844
started,bundle,org.eclipse.equinox.p2.repository,2.0.1.R36x_v20100823,"org.eclipse.equinox.p2.repository",1608141203845
started,bundle,org.eclipse.equinox.p2.ui.sdk.scheduler,1.0.0.v20100507-1815,"org.eclipse.equinox.p2.ui.sdk.scheduler",1608141203845
started,bundle,org.eclipse.equinox.p2.updatechecker,1.1.101.R36x_v20100823,"org.eclipse.equinox.p2.updatechecker",1608141203846
started,bundle,org.eclipse.equinox.preferences,3.3.0.v20100503,"org.eclipse.equinox.preferences",1608141203846
started,bundle,org.eclipse.equinox.registry,3.5.0.v20100503,"org.eclipse.equinox.registry",1608141203847
started,bundle,org.eclipse.equinox.security,1.0.200.v20100503,"org.eclipse.equinox.security",1608141203848
started,bundle,org.eclipse.equinox.util,1.0.200.v20100503,"org.eclipse.equinox.util",1608141203849
started,bundle,org.eclipse.help,3.5.0.v20100524,"org.eclipse.help",1608141203849
started,bundle,org.eclipse.jface,3.6.1.M20100825-0800,"org.eclipse.jface",1608141203850
started,bundle,org.eclipse.jsch.core,1.1.200.I20100505-1245,"org.eclipse.jsch.core",1608141203850
started,bundle,org.eclipse.ltk.core.refactoring,3.5.100.v20100526-0800,"org.eclipse.ltk.core.refactoring",1608141203851
started,bundle,org.eclipse.ltk.ui.refactoring,3.5.0.v20100526-0800,"org.eclipse.ltk.ui.refactoring",1608141203852
started,bundle,org.eclipse.mylyn.bugzilla.core,3.4.2.v20100902-0100-e3x,"org.eclipse.mylyn.bugzilla.core",1608141203852
started,bundle,org.eclipse.mylyn.bugzilla.ui,3.4.2.v20100909-0100-e3x,"org.eclipse.mylyn.bugzilla.ui",1608141203852
started,bundle,org.eclipse.mylyn.commons.net,3.4.1.v20100625-2100-e3x,"org.eclipse.mylyn.commons.net",1608141203852
started,bundle,org.eclipse.mylyn.commons.ui,3.4.0.v20100608-0100-e3x,"org.eclipse.mylyn.commons.ui",1608141203853
started,bundle,org.eclipse.mylyn.context.core,3.4.1.v20100909-0100-e3x,"org.eclipse.mylyn.context.core",1608141203853
started,bundle,org.eclipse.mylyn.context.ui,3.4.1.v20100909-0100-e3x,"org.eclipse.mylyn.context.ui",1608141203854
started,bundle,org.eclipse.mylyn.monitor.ui,3.4.0.v20100608-0100-e3x,"org.eclipse.mylyn.monitor.ui",1608141203854
started,bundle,org.eclipse.mylyn.tasks.ui,3.4.2.v20100902-0100-e3x,"org.eclipse.mylyn.tasks.ui",1608141203855
started,bundle,org.eclipse.mylyn.team.ui,3.4.2.v20100909-0100-e3x,"org.eclipse.mylyn.team.ui",1608141203855
started,bundle,org.eclipse.search,3.6.0.v20100520-0800,"org.eclipse.search",1608141203856
started,bundle,org.eclipse.team.core,3.5.100.R36x_v20100825-0800,"org.eclipse.team.core",1608141203856
started,bundle,org.eclipse.team.cvs.core,3.3.300.I20100526-0800,"org.eclipse.team.cvs.core",1608141203857
started,bundle,org.eclipse.team.cvs.ui,3.3.301.R36x_v20100825-0800,"org.eclipse.team.cvs.ui",1608141203858
started,bundle,org.eclipse.team.ui,3.5.101.R36x_v20100825-0800,"org.eclipse.team.ui",1608141203859
started,bundle,org.eclipse.ui,3.6.1.M20100826-1330,"org.eclipse.ui",1608141203860
started,bundle,org.eclipse.ui.console,3.5.0.v20100526,"org.eclipse.ui.console",1608141203860
started,bundle,org.eclipse.ui.editors,3.6.1.r361_v20100825-0800,"org.eclipse.ui.editors",1608141203860
started,bundle,org.eclipse.ui.forms,3.5.2.r36_v20100702,"org.eclipse.ui.forms",1608141203861
started,bundle,org.eclipse.ui.ide,3.6.1.M20100825-0800,"org.eclipse.ui.ide",1608141203862
started,bundle,org.eclipse.ui.navigator,3.5.0.I20100601-0800,"org.eclipse.ui.navigator",1608141203863
started,bundle,org.eclipse.ui.navigator.resources,3.4.201.M20100707-0800,"org.eclipse.ui.navigator.resources",1608141203863
started,bundle,org.eclipse.ui.net,1.2.100.I20100505-1245,"org.eclipse.ui.net",1608141203864
started,bundle,org.eclipse.ui.views,3.5.0.I20100527-0800,"org.eclipse.ui.views",1608141203864
started,bundle,org.eclipse.ui.workbench,3.6.1.M20100826-1330,"org.eclipse.ui.workbench",1608141203865
started,bundle,org.eclipse.ui.workbench.texteditor,3.6.1.r361_v20100714-0800,"org.eclipse.ui.workbench.texteditor",1608141203866
started,bundle,org.eclipse.update.configurator,3.3.100.v20100512,"org.eclipse.update.configurator",1608141203866
started,bundle,org.eclipse.update.core,3.2.402.R36x_v20100629,"org.eclipse.update.core",1608141203867
started,bundle,org.eclipse.update.scheduler,3.2.300.v20100512,"org.eclipse.update.scheduler",1608141203867
started,bundle,com.altera.sbtgui.integration,11.1.0.259,"com.altera.sbtgui.integration",1608141203868
started,bundle,com.altera.sbtgui.launch,11.1.0.259,"com.altera.sbtgui.launch",1608141203869
started,bundle,com.altera.sbtgui.project,11.1.0.259,"com.altera.sbtgui.project",1608141203869
started,bundle,com.altera.systemconsole,11.1.0.259,"com.altera.systemconsole",1608141203870
started,bundle,com.altera.utilities,11.1.0.259,"com.altera.utilities",1608141203870
os,sysinfo,,,"win32",1608141203872
arch,sysinfo,,,"x86",1608141203872
ws,sysinfo,,,"win32",1608141203872
locale,sysinfo,,,"fr_FR",1608141203872
processors,sysinfo,,,"8",1608141203872
java.runtime.name,sysinfo,,,"Java(TM) SE Runtime Environment",1608141203872
java.runtime.version,sysinfo,,,"1.6.0_23-b05",1608141203872
java.specification.name,sysinfo,,,"Java Platform API Specification",1608141203872
java.specification.vendor,sysinfo,,,"Sun Microsystems Inc.",1608141203872
java.specification.version,sysinfo,,,"1.6",1608141203872
java.vendor,sysinfo,,,"Sun Microsystems Inc.",1608141203872
java.version,sysinfo,,,"1.6.0_23",1608141203872
java.vm.info,sysinfo,,,"mixed mode",1608141203872
java.vm.name,sysinfo,,,"Java HotSpot(TM) Client VM",1608141203872
java.vm.specification.name,sysinfo,,,"Java Virtual Machine Specification",1608141203872
java.vm.specification.vendor,sysinfo,,,"Sun Microsystems Inc.",1608141203872
java.vm.specification.version,sysinfo,,,"1.0",1608141203872
java.vm.vendor,sysinfo,,,"Sun Microsystems Inc.",1608141203872
java.vm.version,sysinfo,,,"19.0-b09",1608141203872
activated,view,org.eclipse.ui.navigator.resources,3.4.201.M20100707-0800,"org.eclipse.ui.navigator.ProjectExplorer",1608141209204
started,bundle,com.altera.sbtgui.core,11.1.0.259,"com.altera.sbtgui.core",1608141210301
started,bundle,org.eclipse.compare,3.5.100.I20100526-0800,"org.eclipse.compare",1608141210352
deactivated,workbench,org.eclipse.ui.workbench,3.6.1.M20100826-1330,"",1608141213868
activated,workbench,org.eclipse.ui.workbench,3.6.1.M20100826-1330,"",1608141227082
started,bundle,org.eclipse.cdt.dsf.gdb.ui,2.1.0.201009141542,"org.eclipse.cdt.dsf.gdb.ui",1608141227648
started,bundle,org.eclipse.debug.ui,3.6.1.v20100901_r361,"org.eclipse.debug.ui",1608141227677
deactivated,workbench,org.eclipse.ui.workbench,3.6.1.M20100826-1330,"",1608141227710
activated,workbench,org.eclipse.ui.workbench,3.6.1.M20100826-1330,"",1608141230977
deactivated,workbench,org.eclipse.ui.workbench,3.6.1.M20100826-1330,"",1608141238910
activated,workbench,org.eclipse.ui.workbench,3.6.1.M20100826-1330,"",1608141240095
opened,editor,org.eclipse.cdt.ui,5.2.1.201009141542,"org.eclipse.cdt.ui.editor.CEditor",1608141244915
activated,editor,org.eclipse.cdt.ui,5.2.1.201009141542,"org.eclipse.cdt.ui.editor.CEditor",1608141244964
executed,command,org.eclipse.ui,3.6.1.M20100826-1330,"org.eclipse.ui.edit.selectAll",1608141246779
executed,command,org.eclipse.ui,3.6.1.M20100826-1330,"org.eclipse.ui.edit.copy",1608141248303
activated,view,org.eclipse.ui.navigator.resources,3.4.201.M20100707-0800,"org.eclipse.ui.navigator.ProjectExplorer",1608141250860
deactivated,workbench,org.eclipse.ui.workbench,3.6.1.M20100826-1330,"",1608141257890
closed,editor,org.eclipse.cdt.ui,5.2.1.201009141542,"org.eclipse.cdt.ui.editor.CEditor",1608141259253
started,bundle,org.eclipse.cdt.mylyn.ui,1.1.3.v20100909-0100-e3x,"org.eclipse.cdt.mylyn.ui",1608141259265
activated,workbench,org.eclipse.ui.workbench,3.6.1.M20100826-1330,"",1608141259299
executed,command,org.eclipse.ltk.ui.refactoring,3.5.0.v20100526-0800,"org.eclipse.ltk.ui.refactoring.commands.deleteResources",1608141259319
executed,command,org.eclipse.ui,3.6.1.M20100826-1330,"org.eclipse.ui.edit.delete",1608141259320
started,bundle,org.eclipse.cdt.debug.core,7.0.0.201009141542,"org.eclipse.cdt.debug.core",1608141262479
started,bundle,org.eclipse.cdt.debug.ui,7.0.0.201009141542,"org.eclipse.cdt.debug.ui",1608141262483
deactivated,workbench,org.eclipse.ui.workbench,3.6.1.M20100826-1330,"",1608141264798
activated,workbench,org.eclipse.ui.workbench,3.6.1.M20100826-1330,"",1608141265916
executed,command,org.eclipse.ltk.ui.refactoring,3.5.0.v20100526-0800,"org.eclipse.ltk.ui.refactoring.commands.deleteResources",1608141265922
executed,command,org.eclipse.ui,3.6.1.M20100826-1330,"org.eclipse.ui.edit.delete",1608141265922
started,bundle,org.eclipse.cdt.managedbuilder.ui,7.0.0.201009141542,"org.eclipse.cdt.managedbuilder.ui",1608141275415
deactivated,workbench,org.eclipse.ui.workbench,3.6.1.M20100826-1330,"",1608141282369
activated,workbench,org.eclipse.ui.workbench,3.6.1.M20100826-1330,"",1608141283501
activated,view,org.eclipse.ui.console,3.5.0.v20100526,"org.eclipse.ui.console.ConsoleView",1608141287072
activated,view,org.eclipse.ui.navigator.resources,3.4.201.M20100707-0800,"org.eclipse.ui.navigator.ProjectExplorer",1608141289581
executed,command,org.eclipse.ui,3.6.1.M20100826-1330,"org.eclipse.ui.file.refresh",1608141292673
deactivated,workbench,org.eclipse.ui.workbench,3.6.1.M20100826-1330,"",1608141295215
activated,workbench,org.eclipse.ui.workbench,3.6.1.M20100826-1330,"",1608141295235
deactivated,workbench,org.eclipse.ui.workbench,3.6.1.M20100826-1330,"",1608141296072
activated,workbench,org.eclipse.ui.workbench,3.6.1.M20100826-1330,"",1608141296625
deactivated,workbench,org.eclipse.ui.workbench,3.6.1.M20100826-1330,"",1608141304462
activated,workbench,org.eclipse.ui.workbench,3.6.1.M20100826-1330,"",1608141306983
deactivated,workbench,org.eclipse.ui.workbench,3.6.1.M20100826-1330,"",1608141307578
activated,workbench,org.eclipse.ui.workbench,3.6.1.M20100826-1330,"",1608141310845
opened,editor,org.eclipse.ui.editors,3.6.1.r361_v20100825-0800,"org.eclipse.ui.DefaultTextEditor",1608141337572
activated,editor,org.eclipse.ui.editors,3.6.1.r361_v20100825-0800,"org.eclipse.ui.DefaultTextEditor",1608141337613
activated,view,org.eclipse.ui.navigator.resources,3.4.201.M20100707-0800,"org.eclipse.ui.navigator.ProjectExplorer",1608141344267
opened,editor,org.eclipse.cdt.ui,5.2.1.201009141542,"org.eclipse.cdt.ui.binaryEditor",1608141344637
activated,editor,org.eclipse.cdt.ui,5.2.1.201009141542,"org.eclipse.cdt.ui.binaryEditor",1608141344659
activated,editor,org.eclipse.ui.editors,3.6.1.r361_v20100825-0800,"org.eclipse.ui.DefaultTextEditor",1608141354387
closed,editor,org.eclipse.cdt.ui,5.2.1.201009141542,"org.eclipse.cdt.ui.binaryEditor",1608141354387
